{
    "-1DS--01kjI-_JT00TGFKg": "dex12@gmail.com",
    "pjtj-OOm71uccxcWIFbSkw": "dex1@gmail.com",
    "F6nerG61WrDZ2gEhxh1HMA": "dexo12@gmail.com",
    "YpX-fffemU6Bu181U6jGAw": "sugucud28april2004@gmail.com",
    "4KDnr9QgEP5k9Au0NbiMrA": "ruby123@gmail.com",
    "pjIbbuItz9qDCJHT8hL5Pg": "mohamedbars@gmail.com",
    "fAkLDIbVw7dp9vAmWuWMdQ": "mohamedbaress@gmail.com",
    "FN-2Jo1F7rr1xkyn0lsPnA": "ksasidharan2152@gmail.com",
    "B_XfCzhZy_dJaEX91ipDpw": "rubeshrubesh533@gmail.com"
}